<?xml version="1.0" encoding="UTF-8"?>
<project-private xmlns="http://www.netbeans.org/ns/project-private/1">
    <editor-bookmarks xmlns="http://www.netbeans.org/ns/editor-bookmarks/2" lastBookmarkId="0"/>
    <open-files xmlns="http://www.netbeans.org/ns/projectui-open-files/2">
        <group>
            <file>file:/C:/Users/axlsc/Documents/NetBeansProjects/Hotel_Management_System/src/HOTEL_MANAGEMENT_SYSTEM/Frame_D_Guest_A.java</file>
            <file>file:/C:/Users/axlsc/Documents/NetBeansProjects/Hotel_Management_System/src/HOTEL_MANAGEMENT_SYSTEM/Frame_C_Settings.java</file>
            <file>file:/C:/Users/axlsc/Documents/NetBeansProjects/Hotel_Management_System/src/HOTEL_MANAGEMENT_SYSTEM/Frame_C_System.java</file>
            <file>file:/C:/Users/axlsc/Documents/NetBeansProjects/Hotel_Management_System/src/HOTEL_MANAGEMENT_SYSTEM/Frame_D_Guest.java</file>
            <file>file:/C:/Users/axlsc/Documents/NetBeansProjects/Hotel_Management_System/src/HOTEL_MANAGEMENT_SYSTEM/Frame_C_Room.java</file>
            <file>file:/C:/Users/axlsc/Documents/NetBeansProjects/Hotel_Management_System/src/HOTEL_MANAGEMENT_SYSTEM/Frame_A.java</file>
        </group>
    </open-files>
</project-private>
